filename,variance_of_laplacian
000000.jpg,52.2980
000001.jpg,52.2969
000002.jpg,45.5456
000003.jpg,43.4490
000004.jpg,45.6911
000005.jpg,41.3719
000006.jpg,42.8287
000007.jpg,36.5679
000008.jpg,35.9114
000009.jpg,39.2070
000010.jpg,32.8425
000011.jpg,35.7304
000012.jpg,28.6889
000013.jpg,27.8043
000014.jpg,30.7359
000015.jpg,24.0911
000016.jpg,22.1516
000017.jpg,24.6512
000018.jpg,19.0967
000019.jpg,17.7395
000020.jpg,19.7788
000021.jpg,15.6247
000022.jpg,16.0425
000023.jpg,12.5088
000024.jpg,12.9514
000025.jpg,13.1725
000026.jpg,9.7454
000027.jpg,8.5813
000028.jpg,9.4846
000029.jpg,6.6271
000030.jpg,7.7414
000031.jpg,5.9146
000032.jpg,5.3506
000033.jpg,5.8014
000034.jpg,4.4050
000035.jpg,5.1045
000036.jpg,3.9974
000037.jpg,4.5053
000038.jpg,3.7572
000039.jpg,3.5430
000040.jpg,3.7416
000041.jpg,3.2595
000042.jpg,3.1718
000043.jpg,3.3576
000044.jpg,3.0018
000045.jpg,2.9380
000046.jpg,3.0234
000047.jpg,2.7277
000048.jpg,2.8440
000049.jpg,2.8682
000050.jpg,2.6234
000051.jpg,2.6441
000052.jpg,2.8301
000053.jpg,2.7122
000054.jpg,2.7299
000055.jpg,2.8226
000056.jpg,2.7155
000057.jpg,2.7762
000058.jpg,2.9383
000059.jpg,2.7269
000060.jpg,2.8382
000061.jpg,2.9996
000062.jpg,3.0539
000063.jpg,2.9493
000064.jpg,3.1877
000065.jpg,3.3186
000066.jpg,3.1032
000067.jpg,3.5254
000068.jpg,3.5350
000069.jpg,3.8835
000070.jpg,4.2266
000071.jpg,3.9918
000072.jpg,4.5758
000073.jpg,5.2899
000074.jpg,5.2137
000075.jpg,4.9827
000076.jpg,5.7217
000077.jpg,5.8283
000078.jpg,6.4708
000079.jpg,6.0133
000080.jpg,7.4644
000081.jpg,7.9849
000082.jpg,7.5607
000083.jpg,8.8079
000084.jpg,10.0254
000085.jpg,11.4717
000086.jpg,14.2821
000087.jpg,16.2179
000088.jpg,16.2890
000089.jpg,17.0510
000090.jpg,15.7074
000091.jpg,15.3571
000092.jpg,17.4458
000093.jpg,17.0634
000094.jpg,17.3461
000095.jpg,14.7918
000096.jpg,14.7163
000097.jpg,16.8481
000098.jpg,16.5473
000099.jpg,16.3968
000100.jpg,16.7679
000101.jpg,15.7338
000102.jpg,16.7887
000103.jpg,15.4863
000104.jpg,16.5570
000105.jpg,15.2123
000106.jpg,15.2049
000107.jpg,16.7711
000108.jpg,14.9457
000109.jpg,14.7705
000110.jpg,16.3900
000111.jpg,15.5146
000112.jpg,15.6469
000113.jpg,15.9799
000114.jpg,15.3053
000115.jpg,16.4916
000116.jpg,15.5067
000117.jpg,19.4744
000118.jpg,21.9647
000119.jpg,33.9894
000120.jpg,56.0037
000121.jpg,76.8847
000122.jpg,118.5155
000123.jpg,118.5759
000124.jpg,141.8499
000125.jpg,173.6190
000126.jpg,200.0896
000127.jpg,214.4151
000128.jpg,227.2160
000129.jpg,228.6906
000130.jpg,223.3762
000131.jpg,214.2663
000132.jpg,196.0633
000133.jpg,179.8117
000134.jpg,167.3380
000135.jpg,150.0602
000136.jpg,140.2338
000137.jpg,136.4660
000138.jpg,134.6264
000139.jpg,133.4042
000140.jpg,134.2563
000141.jpg,103.6688
000142.jpg,104.2348
000143.jpg,102.4507
000144.jpg,104.6040
000145.jpg,104.2044
000146.jpg,105.0916
000147.jpg,104.7595
000148.jpg,103.1990
000149.jpg,103.8429
000150.jpg,105.8522
000151.jpg,105.2170
000152.jpg,106.0179
000153.jpg,107.3717
000154.jpg,106.4574
000155.jpg,77.5367
000156.jpg,78.6455
000157.jpg,77.9991
000158.jpg,76.6404
000159.jpg,77.1535
000160.jpg,75.1977
000161.jpg,59.2543
000162.jpg,56.3907
000163.jpg,57.1148
000164.jpg,54.6813
000165.jpg,53.8863
000166.jpg,54.8641
000167.jpg,52.2975
000168.jpg,53.2873
000169.jpg,52.8174
000170.jpg,54.8558
000171.jpg,54.8917
000172.jpg,53.0019
000173.jpg,53.3260
000174.jpg,52.2839
000175.jpg,53.7450
000176.jpg,53.8695
000177.jpg,52.5315
000178.jpg,52.4197
000179.jpg,51.1644
000180.jpg,51.9272
000181.jpg,52.0003
000182.jpg,50.9014
000183.jpg,50.4515
000184.jpg,51.1928
000185.jpg,50.4891
000186.jpg,51.7799
000187.jpg,53.0768
000188.jpg,52.8176
000189.jpg,54.3375
000190.jpg,53.8527
000191.jpg,54.0864
000192.jpg,55.9424
000193.jpg,55.9658
000194.jpg,56.4538
000195.jpg,57.6566
000196.jpg,57.7652
000197.jpg,56.7291
000198.jpg,57.4252
000199.jpg,56.9264
000200.jpg,57.5400
000201.jpg,57.6263
000202.jpg,57.5442
000203.jpg,58.2564
000204.jpg,57.7672
000205.jpg,58.2928
000206.jpg,55.9591
000207.jpg,55.3143
000208.jpg,55.2692
000209.jpg,53.5494
000210.jpg,53.3209
000211.jpg,53.8840
000212.jpg,53.4648
000213.jpg,50.9641
000214.jpg,49.0903
000215.jpg,47.9044
000216.jpg,41.0481
000217.jpg,41.6424
000218.jpg,43.2109
000219.jpg,38.5140
000220.jpg,38.5153
000221.jpg,35.7764
000222.jpg,27.9517
000223.jpg,21.8692
000224.jpg,15.2225
000225.jpg,15.0382
000226.jpg,13.4827
000227.jpg,10.9078
000228.jpg,5.8048
000229.jpg,4.9031
000230.jpg,4.8475
000231.jpg,6.0017
000232.jpg,6.2381
000233.jpg,6.3941
000234.jpg,6.4466
000235.jpg,8.1970
000236.jpg,8.2458
000237.jpg,8.0944
000238.jpg,8.3954
000239.jpg,9.0550
000240.jpg,9.5386
000241.jpg,11.3032
000242.jpg,12.3160
000243.jpg,12.3901
000244.jpg,14.5316
000245.jpg,14.5293
000246.jpg,15.3377
000247.jpg,16.0243
000248.jpg,17.5267
000249.jpg,18.1546
000250.jpg,18.1877
000251.jpg,21.2441
000252.jpg,20.2503
000253.jpg,23.6588
000254.jpg,23.7116
000255.jpg,22.8880
000256.jpg,26.8854
000257.jpg,24.0078
000258.jpg,28.3400
000259.jpg,29.6841
000260.jpg,30.6038
000261.jpg,37.5226
000262.jpg,42.7349
000263.jpg,51.1717
000264.jpg,57.8661
000265.jpg,64.4841
000266.jpg,70.5442
000267.jpg,72.7382
000268.jpg,81.6308
000269.jpg,81.4591
000270.jpg,84.2270
000271.jpg,81.3714
000272.jpg,83.2909
000273.jpg,90.5826
000274.jpg,87.6476
000275.jpg,87.8564
000276.jpg,94.2498
000277.jpg,92.6217
000278.jpg,95.3028
000279.jpg,93.0708
000280.jpg,95.8383
000281.jpg,96.0952
000282.jpg,94.3307
000283.jpg,94.6157
000284.jpg,96.5220
000285.jpg,95.1772
000286.jpg,96.9317
000287.jpg,94.6941
000288.jpg,95.2311
000289.jpg,97.2436
000290.jpg,95.4429
000291.jpg,97.1451
000292.jpg,96.9469
000293.jpg,96.9681
000294.jpg,94.9698
000295.jpg,97.2788
000296.jpg,95.2299
000297.jpg,97.4356
000298.jpg,95.6981
000299.jpg,95.2971
000300.jpg,97.3505
000301.jpg,95.2944
000302.jpg,97.2679
000303.jpg,95.5695
000304.jpg,97.3345
000305.jpg,96.7143
000306.jpg,94.9521
000307.jpg,96.8026
000308.jpg,94.5422
000309.jpg,96.8465
000310.jpg,95.3976
000311.jpg,96.8143
000312.jpg,95.2210
000313.jpg,96.6892
000314.jpg,94.5195
000315.jpg,95.8405
000316.jpg,93.0210
000317.jpg,90.6977
000318.jpg,90.9587
000319.jpg,86.5297
000320.jpg,80.1097
000321.jpg,82.0612
000322.jpg,76.7758
000323.jpg,71.5829
000324.jpg,67.7463
000325.jpg,65.2892
000326.jpg,62.1019
000327.jpg,59.8224
000328.jpg,57.7477
000329.jpg,51.1473
000330.jpg,45.0737
000331.jpg,37.0057
000332.jpg,36.7939
000333.jpg,36.6666
000334.jpg,35.0865
000335.jpg,26.0464
000336.jpg,13.4647
000337.jpg,7.1427
000338.jpg,4.3800
000339.jpg,6.3706
000340.jpg,12.1303
000341.jpg,12.6891
000342.jpg,12.6024
000343.jpg,11.2151
000344.jpg,12.0327
000345.jpg,11.1908
000346.jpg,11.5972
000347.jpg,12.5248
000348.jpg,11.8304
000349.jpg,15.1186
000350.jpg,16.9358
000351.jpg,18.5956
000352.jpg,18.7587
000353.jpg,19.7403
000354.jpg,23.1257
000355.jpg,29.0957
000356.jpg,33.8786
000357.jpg,33.5488
000358.jpg,39.8245
000359.jpg,39.7268
000360.jpg,49.7370
000361.jpg,53.0137
000362.jpg,56.4815
000363.jpg,57.0088
000364.jpg,60.7580
000365.jpg,58.9584
000366.jpg,61.6470
000367.jpg,61.5493
000368.jpg,62.6473
000369.jpg,61.8950
000370.jpg,62.9240
000371.jpg,63.9616
000372.jpg,63.1143
000373.jpg,62.8932
000374.jpg,63.4464
000375.jpg,61.3071
000376.jpg,62.4365
000377.jpg,60.9238
000378.jpg,62.1249
000379.jpg,61.1247
000380.jpg,61.7507
000381.jpg,62.4000
000382.jpg,61.6553
000383.jpg,60.9915
000384.jpg,62.0325
000385.jpg,60.4638
000386.jpg,60.5940
000387.jpg,61.6562
000388.jpg,60.3829
000389.jpg,60.8454
000390.jpg,61.6775
000391.jpg,61.6779
000392.jpg,24.8232
000393.jpg,12.7464
000394.jpg,8.4058
000395.jpg,6.1715
000396.jpg,5.0825
000397.jpg,5.1370
000398.jpg,5.3449
000399.jpg,5.6670
000400.jpg,6.3325
000401.jpg,7.5834
000402.jpg,9.3767
000403.jpg,12.9937
000404.jpg,18.0478
000405.jpg,27.2745
000406.jpg,64.7859
000407.jpg,63.5748
000408.jpg,61.5083
000409.jpg,66.2298
000410.jpg,60.2230
000411.jpg,62.9265
000412.jpg,64.6040
000413.jpg,60.8925
000414.jpg,62.7502
000415.jpg,62.1901
000416.jpg,61.6871
000417.jpg,61.9939
000418.jpg,67.3064
000419.jpg,68.0452
000420.jpg,68.8029
000421.jpg,71.4125
000422.jpg,74.4649
000423.jpg,74.6896
000424.jpg,76.3198
000425.jpg,76.2015
000426.jpg,75.3929
000427.jpg,77.1480
000428.jpg,76.7354
000429.jpg,75.6519
000430.jpg,76.9367
000431.jpg,75.9532
000432.jpg,77.1800
000433.jpg,76.2769
000434.jpg,76.6761
000435.jpg,77.5420
000436.jpg,76.2128
000437.jpg,77.3641
000438.jpg,76.4009
000439.jpg,77.5969
000440.jpg,77.6050
000441.jpg,76.6535
000442.jpg,77.4829
000443.jpg,76.7988
000444.jpg,77.3747
000445.jpg,76.6619
000446.jpg,77.3129
000447.jpg,76.5679
000448.jpg,77.2927
000449.jpg,76.7220
000450.jpg,76.5865
000451.jpg,77.1601
000452.jpg,76.7405
000453.jpg,70.3970
000454.jpg,59.3321
000455.jpg,41.0554
000456.jpg,33.2612
000457.jpg,30.5443
000458.jpg,24.0757
000459.jpg,19.9844
000460.jpg,17.3455
000461.jpg,16.7532
000462.jpg,17.9149
000463.jpg,15.9199
000464.jpg,15.9189
000465.jpg,11.2741
000466.jpg,6.1162
000467.jpg,9.1592
000468.jpg,10.6058
000469.jpg,9.3454
000470.jpg,12.2522
000471.jpg,11.2005
000472.jpg,12.2142
000473.jpg,11.5850
000474.jpg,13.8485
000475.jpg,12.0853
000476.jpg,13.0027
000477.jpg,14.3883
000478.jpg,12.0775
000479.jpg,12.2962
000480.jpg,14.6346
000481.jpg,11.9319
000482.jpg,15.3575
000483.jpg,13.6677
000484.jpg,15.6010
000485.jpg,13.0574
000486.jpg,15.3014
000487.jpg,13.1209
000488.jpg,14.8437
000489.jpg,14.8606
000490.jpg,12.6840
000491.jpg,14.4659
000492.jpg,13.0808
000493.jpg,15.1656
000494.jpg,13.9463
000495.jpg,13.9420
000496.jpg,15.2522
000497.jpg,13.7116
000498.jpg,13.3171
000499.jpg,14.9940
000500.jpg,13.4205
000501.jpg,13.7968
000502.jpg,14.8667
000503.jpg,13.3919
000504.jpg,13.9688
000505.jpg,15.6329
000506.jpg,13.7185
000507.jpg,15.7312
000508.jpg,14.0864
000509.jpg,14.9952
000510.jpg,13.3461
000511.jpg,13.2169
000512.jpg,15.1261
000513.jpg,15.1271
000514.jpg,13.6352
000515.jpg,12.3863
000516.jpg,14.2743
000517.jpg,12.0095
000518.jpg,14.3103
000519.jpg,11.9908
000520.jpg,13.8579
000521.jpg,10.6009
000522.jpg,9.1597
000523.jpg,7.9671
000524.jpg,6.8249
000525.jpg,5.9471
000526.jpg,5.4152
000527.jpg,5.3732
000528.jpg,5.7690
000529.jpg,6.6326
000530.jpg,7.4368
000531.jpg,6.6263
000532.jpg,5.8747
000533.jpg,5.6074
000534.jpg,5.3001
000535.jpg,4.6128
000536.jpg,4.5054
000537.jpg,5.8650
000538.jpg,5.8652
000539.jpg,9.3072
000540.jpg,8.9439
000541.jpg,9.7818
000542.jpg,9.1718
000543.jpg,9.4935
000544.jpg,8.5816
000545.jpg,8.2614
000546.jpg,8.1143
000547.jpg,7.8501
000548.jpg,7.8101
000549.jpg,8.2557
000550.jpg,9.6685
000551.jpg,14.8438
000552.jpg,15.6835
000553.jpg,16.2525
000554.jpg,14.8717
000555.jpg,14.6091
000556.jpg,15.4808
000557.jpg,14.5276
000558.jpg,14.4695
000559.jpg,15.2193
000560.jpg,14.0898
000561.jpg,15.0569
000562.jpg,14.9030
000563.jpg,14.0987
000564.jpg,14.8186
000565.jpg,14.0247
000566.jpg,14.9988
000567.jpg,13.4688
000568.jpg,15.9261
000569.jpg,15.2070
000570.jpg,16.8616
000571.jpg,15.6576
000572.jpg,15.3778
000573.jpg,16.5675
000574.jpg,15.6122
000575.jpg,15.5147
000576.jpg,16.2630
000577.jpg,14.4663
000578.jpg,14.6109
000579.jpg,15.9590
000580.jpg,14.7782
000581.jpg,15.6547
000582.jpg,14.5483
000583.jpg,15.7470
000584.jpg,14.8534
000585.jpg,16.1782
000586.jpg,16.2105
000587.jpg,15.3022
000588.jpg,14.8242
000589.jpg,15.8329
000590.jpg,14.6219
000591.jpg,14.6536
000592.jpg,15.6966
000593.jpg,14.3616
000594.jpg,14.5737
000595.jpg,15.4013
000596.jpg,14.0396
000597.jpg,14.9836
000598.jpg,14.0877
000599.jpg,14.6255
000600.jpg,15.2966
000601.jpg,14.5547
000602.jpg,26.7896
000603.jpg,26.9924
000604.jpg,18.3436
000605.jpg,24.6216
000606.jpg,22.2796
000607.jpg,27.0585
000608.jpg,25.8225
000609.jpg,28.4389
000610.jpg,32.6722
000611.jpg,32.7044
000612.jpg,29.0989
000613.jpg,30.5346
000614.jpg,34.3095
000615.jpg,33.7535
000616.jpg,30.6172
000617.jpg,34.4200
000618.jpg,32.7847
000619.jpg,34.1165
000620.jpg,31.9671
000621.jpg,32.8163
000622.jpg,34.0328
000623.jpg,32.3142
000624.jpg,32.1615
000625.jpg,33.9457
000626.jpg,32.7660
000627.jpg,33.0161
000628.jpg,33.8432
000629.jpg,32.5479
000630.jpg,32.3219
000631.jpg,33.6304
000632.jpg,32.0881
000633.jpg,31.6895
000634.jpg,33.5552
000635.jpg,33.5505
000636.jpg,31.9502
000637.jpg,32.1409
000638.jpg,32.6338
000639.jpg,28.1903
000640.jpg,26.3836
000641.jpg,28.2362
000642.jpg,25.0686
000643.jpg,26.5188
000644.jpg,23.9192
000645.jpg,24.7483
000646.jpg,23.3644
000647.jpg,163.7122
000648.jpg,152.5522
000649.jpg,151.8932
000650.jpg,137.4794
000651.jpg,153.5651
000652.jpg,139.9170
000653.jpg,143.5328
000654.jpg,161.8967
000655.jpg,145.5447
000656.jpg,144.8578
000657.jpg,160.4249
000658.jpg,153.6280
000659.jpg,161.1852
000660.jpg,161.3969
000661.jpg,157.9252
000662.jpg,159.7165
000663.jpg,168.0762
000664.jpg,168.4755
000665.jpg,180.3341
000666.jpg,181.3594
000667.jpg,182.2710
000668.jpg,182.8584
000669.jpg,182.7587
000670.jpg,183.0558
000671.jpg,183.2681
000672.jpg,183.1495
000673.jpg,183.2905
000674.jpg,183.3704
000675.jpg,183.6832
000676.jpg,183.6019
000677.jpg,183.4298
000678.jpg,183.5756
000679.jpg,183.6115
000680.jpg,80.8342
000681.jpg,79.5719
000682.jpg,79.0952
000683.jpg,79.9156
000684.jpg,79.7924
000685.jpg,78.2963
000686.jpg,79.2754
000687.jpg,77.9695
000688.jpg,78.5190
000689.jpg,78.8904
000690.jpg,78.3387
000691.jpg,78.3385
000692.jpg,78.6060
000693.jpg,78.0730
000694.jpg,78.7236
000695.jpg,73.7019
000696.jpg,70.7910
000697.jpg,69.1581
000698.jpg,67.2761
000699.jpg,57.4669
000700.jpg,55.6610
000701.jpg,57.5804
000702.jpg,60.6523
000703.jpg,65.7534
000704.jpg,77.7240
000705.jpg,78.6426
000706.jpg,79.5646
000707.jpg,81.3268
000708.jpg,82.2340
000709.jpg,82.2299
000710.jpg,82.2902
000711.jpg,82.5143
000712.jpg,82.6745
000713.jpg,83.2318
000714.jpg,83.5022
000715.jpg,85.9117
000716.jpg,93.7804
000717.jpg,93.7731
000718.jpg,98.7632
000719.jpg,98.3020
000720.jpg,98.7722
000721.jpg,99.6963
000722.jpg,93.3769
000723.jpg,99.6300
000724.jpg,92.4201
000725.jpg,84.2123
000726.jpg,77.6139
000727.jpg,80.5847
000728.jpg,77.8608
000729.jpg,78.0164
000730.jpg,66.6215
000731.jpg,56.7958
000732.jpg,59.6920
000733.jpg,59.6921
000734.jpg,61.3478
000735.jpg,62.5864
000736.jpg,65.8446
000737.jpg,69.1601
000738.jpg,66.2794
000739.jpg,66.8290
000740.jpg,72.6913
000741.jpg,79.6469
000742.jpg,83.7852
000743.jpg,94.8002
000744.jpg,96.1944
000745.jpg,102.0759
000746.jpg,108.9385
000747.jpg,110.2859
000748.jpg,110.1549
000749.jpg,112.5603
000750.jpg,113.4428
000751.jpg,115.0846
000752.jpg,117.1790
000753.jpg,116.6201
000754.jpg,116.8359
000755.jpg,115.3355
000756.jpg,117.2390
000757.jpg,117.4048
000758.jpg,116.7990
000759.jpg,116.4259
000760.jpg,116.8643
000761.jpg,116.0165
000762.jpg,116.4688
000763.jpg,116.1119
000764.jpg,115.6802
000765.jpg,115.6909
000766.jpg,116.1692
000767.jpg,115.2067
000768.jpg,116.1432
000769.jpg,116.2125
000770.jpg,118.5467
000771.jpg,101.4737
000772.jpg,111.6413
000773.jpg,98.0325
000774.jpg,108.6051
000775.jpg,94.9881
000776.jpg,105.0816
000777.jpg,102.5523
000778.jpg,92.4981
000779.jpg,101.4329
000780.jpg,90.9741
000781.jpg,99.7516
000782.jpg,99.7035
000783.jpg,88.2474
000784.jpg,98.7788
000785.jpg,89.5226
000786.jpg,96.6072
000787.jpg,87.7453
000788.jpg,89.0251
000789.jpg,95.3203
000790.jpg,87.2208
000791.jpg,89.9765
000792.jpg,95.0861
000793.jpg,86.8216
000794.jpg,86.7181
000795.jpg,91.6663
000796.jpg,86.3175
000797.jpg,85.4044
000798.jpg,89.0861
000799.jpg,87.1742
000800.jpg,37.6967
000801.jpg,36.2116
000802.jpg,36.8272
000803.jpg,35.7014
000804.jpg,35.9888
000805.jpg,36.4162
000806.jpg,36.2695
000807.jpg,35.2873
000808.jpg,36.1242
000809.jpg,35.1888
000810.jpg,35.3199
000811.jpg,99.0591
000812.jpg,98.6734
000813.jpg,98.4331
000814.jpg,99.4918
000815.jpg,98.0801
000816.jpg,98.2605
000817.jpg,99.2190
000818.jpg,98.4832
000819.jpg,99.2755
000820.jpg,98.5360
000821.jpg,99.2021
000822.jpg,98.4580
000823.jpg,98.5948
000824.jpg,99.2460
000825.jpg,98.3425
000826.jpg,99.2928
000827.jpg,98.6356
000828.jpg,99.4056
000829.jpg,98.6286
000830.jpg,99.2796
000831.jpg,99.3403
000832.jpg,98.6178
000833.jpg,98.5974
000834.jpg,99.3061
000835.jpg,98.5486
000836.jpg,98.5762
000837.jpg,99.3348
000838.jpg,98.4673
000839.jpg,98.3856
000840.jpg,99.2768
000841.jpg,98.6288
000842.jpg,98.5588
000843.jpg,99.2589
000844.jpg,98.4999
000845.jpg,98.4573
000846.jpg,99.2774
000847.jpg,98.6807
000848.jpg,98.5367
000849.jpg,99.1061
000850.jpg,98.4294
000851.jpg,98.4978
000852.jpg,99.1910
000853.jpg,98.5510
000854.jpg,98.7410
000855.jpg,98.9005
000856.jpg,98.0062
000857.jpg,98.8078
000858.jpg,98.7110
000859.jpg,52.7182
000860.jpg,52.9536
000861.jpg,53.9422
000862.jpg,55.3372
000863.jpg,56.2868
000864.jpg,54.7493
000865.jpg,54.0581
000866.jpg,55.7932
000867.jpg,54.7826
000868.jpg,55.5984
000869.jpg,57.4075
000870.jpg,58.6514
000871.jpg,62.2951
000872.jpg,63.5403
000873.jpg,61.9109
000874.jpg,61.4144
000875.jpg,62.3603
000876.jpg,18.5049
000877.jpg,18.0743
000878.jpg,19.4715
000879.jpg,19.4602
000880.jpg,9.7155
000881.jpg,9.8809
000882.jpg,9.9903
000883.jpg,10.0740
000884.jpg,10.3828
000885.jpg,10.3191
000886.jpg,10.4089
000887.jpg,17.4224
000888.jpg,17.2112
000889.jpg,16.7902
000890.jpg,17.2792
000891.jpg,17.0816
000892.jpg,16.9835
000893.jpg,17.0712
000894.jpg,17.2673
000895.jpg,16.7203
000896.jpg,16.4123
000897.jpg,16.9151
000898.jpg,16.7389
000899.jpg,13.8837
000900.jpg,14.0319
000901.jpg,13.7986
000902.jpg,13.9179
000903.jpg,14.0492
000904.jpg,14.0312
000905.jpg,13.9726
000906.jpg,17.5600
000907.jpg,17.4289
000908.jpg,17.1080
000909.jpg,17.4699
000910.jpg,17.2477
000911.jpg,17.3064
000912.jpg,17.3256
000913.jpg,17.2591
000914.jpg,7.3018
000915.jpg,7.0143
000916.jpg,6.3779
000917.jpg,5.8948
000918.jpg,6.2926
000919.jpg,5.5394
000920.jpg,6.4681
000921.jpg,5.8785
000922.jpg,6.9978
000923.jpg,7.1796
000924.jpg,7.0682
000925.jpg,6.4484
000926.jpg,7.2795
000927.jpg,7.6521
000928.jpg,7.6557
000929.jpg,6.5310
000930.jpg,7.0062
000931.jpg,7.7153
000932.jpg,6.7566
000933.jpg,7.9282
000934.jpg,6.6948
000935.jpg,7.1911
000936.jpg,7.8605
000937.jpg,7.4031
000938.jpg,7.5828
000939.jpg,7.1229
000940.jpg,7.1681
000941.jpg,7.3826
000942.jpg,7.1568
000943.jpg,15.4585
000944.jpg,14.9806
000945.jpg,15.2147
000946.jpg,15.4500
000947.jpg,17.9348
000948.jpg,19.6577
000949.jpg,18.6959
000950.jpg,18.2120
000951.jpg,16.3754
000952.jpg,15.4101
000953.jpg,15.3216
000954.jpg,14.9197
000955.jpg,15.7543
000956.jpg,16.2397
000957.jpg,17.3181
000958.jpg,17.3096
000959.jpg,17.5967
000960.jpg,18.0816
000961.jpg,18.0059
000962.jpg,18.2338
000963.jpg,17.9513
000964.jpg,17.8589
000965.jpg,18.2762
000966.jpg,18.7321
000967.jpg,18.8166
000968.jpg,18.7047
000969.jpg,18.6787
000970.jpg,18.6772
000971.jpg,18.5200
000972.jpg,18.6045
000973.jpg,18.3522
000974.jpg,18.3475
000975.jpg,18.1937
000976.jpg,18.0609
000977.jpg,18.0718
000978.jpg,18.1363
000979.jpg,18.2259
000980.jpg,18.5670
000981.jpg,17.8763
000982.jpg,15.1037
000983.jpg,15.7581
000984.jpg,16.8732
000985.jpg,16.3599
000986.jpg,15.6976
000987.jpg,15.4580
000988.jpg,14.4598
000989.jpg,14.7990
000990.jpg,15.7805
000991.jpg,15.0182
000992.jpg,19.9792
000993.jpg,19.2972
000994.jpg,19.0740
000995.jpg,21.3053
000996.jpg,22.9790
000997.jpg,26.8593
000998.jpg,26.8355
000999.jpg,30.6262
001000.jpg,28.9304
001001.jpg,31.7333
001002.jpg,31.8254
001003.jpg,27.7701
001004.jpg,28.6108
001005.jpg,34.2173
001006.jpg,29.7123
001007.jpg,21.6128
001008.jpg,22.7397
001009.jpg,17.0609
001010.jpg,13.9318
001011.jpg,13.2012
001012.jpg,12.7769
001013.jpg,12.3657
001014.jpg,12.7504
001015.jpg,13.6202
001016.jpg,13.8117
001017.jpg,13.5603
001018.jpg,13.9313
001019.jpg,13.7228
001020.jpg,13.6944
001021.jpg,13.6924
001022.jpg,14.1055
001023.jpg,14.5035
001024.jpg,14.9519
001025.jpg,18.7479
001026.jpg,18.7564
001027.jpg,19.1124
001028.jpg,19.5402
001029.jpg,20.0407
001030.jpg,21.0261
001031.jpg,21.2698
001032.jpg,20.1846
001033.jpg,19.1330
001034.jpg,20.1426
001035.jpg,21.2689
001036.jpg,21.5424
001037.jpg,21.2947
001038.jpg,20.9813
001039.jpg,22.1670
001040.jpg,19.7839
001041.jpg,18.6661
001042.jpg,19.5460
001043.jpg,21.9589
001044.jpg,22.4601
001045.jpg,28.9456
001046.jpg,28.0876
001047.jpg,29.5292
001048.jpg,27.5775
001049.jpg,26.9897
001050.jpg,26.9938
001051.jpg,26.2762
001052.jpg,26.5301
001053.jpg,26.7746
001054.jpg,24.9210
001055.jpg,23.8707
001056.jpg,22.7746
001057.jpg,19.1601
001058.jpg,18.1575
001059.jpg,18.0269
001060.jpg,18.0310
001061.jpg,18.9922
001062.jpg,19.9107
001063.jpg,18.7966
001064.jpg,20.1557
001065.jpg,20.7234
001066.jpg,20.7798
001067.jpg,19.1942
001068.jpg,21.6424
001069.jpg,20.7644
001070.jpg,22.9153
001071.jpg,22.1542
001072.jpg,22.2780
001073.jpg,23.4992
001074.jpg,23.5570
001075.jpg,23.6145
001076.jpg,23.3598
001077.jpg,23.5225
001078.jpg,24.6956
001079.jpg,24.1007
001080.jpg,22.3331
001081.jpg,20.9073
001082.jpg,18.1849
001083.jpg,11.0763
001084.jpg,7.8082
001085.jpg,7.0591
001086.jpg,8.0611
001087.jpg,9.8443
001088.jpg,10.2388
001089.jpg,10.0698
001090.jpg,10.3304
001091.jpg,9.8990
001092.jpg,10.5834
001093.jpg,10.5324
001094.jpg,15.1280
001095.jpg,11.8478
001096.jpg,11.7938
001097.jpg,11.1537
001098.jpg,10.9581
001099.jpg,10.9713
001100.jpg,16.7589
001101.jpg,20.7617
001102.jpg,20.7486
001103.jpg,20.0179
001104.jpg,20.9913
001105.jpg,21.1578
001106.jpg,20.8736
001107.jpg,20.3211
001108.jpg,20.1743
001109.jpg,19.1915
001110.jpg,19.0358
001111.jpg,32.2633
001112.jpg,24.8490
001113.jpg,18.5175
001114.jpg,17.6216
001115.jpg,17.1021
001116.jpg,17.1037
001117.jpg,23.4603
001118.jpg,17.1861
001119.jpg,16.7906
001120.jpg,20.1453
001121.jpg,24.8710
001122.jpg,29.2085
001123.jpg,29.6985
001124.jpg,29.6925
001125.jpg,30.7237
001126.jpg,29.3824
001127.jpg,40.8614
001128.jpg,41.3427
001129.jpg,41.9834
001130.jpg,41.9019
001131.jpg,42.4717
001132.jpg,43.4615
001133.jpg,44.2722
001134.jpg,44.2401
001135.jpg,43.8516
001136.jpg,43.5444
001137.jpg,43.3061
001138.jpg,42.8842
001139.jpg,42.6877
001140.jpg,42.2629
001141.jpg,41.9908
001142.jpg,41.8813
001143.jpg,41.9782
001144.jpg,42.2316
001145.jpg,42.2070
001146.jpg,42.3252
001147.jpg,43.0902
001148.jpg,43.0853
001149.jpg,43.2121
001150.jpg,43.1333
001151.jpg,43.4147
001152.jpg,43.2663
001153.jpg,42.2052
001154.jpg,41.4972
001155.jpg,41.8290
001156.jpg,42.1714
001157.jpg,42.5836
001158.jpg,42.6768
001159.jpg,42.9268
001160.jpg,43.0583
001161.jpg,42.8515
001162.jpg,42.8391
001163.jpg,42.7856
001164.jpg,42.5856
001165.jpg,43.1136
001166.jpg,43.6445
001167.jpg,43.6447
001168.jpg,44.2115
001169.jpg,44.0123
001170.jpg,43.5627
001171.jpg,44.1735
001172.jpg,44.1711
001173.jpg,43.2860
001174.jpg,43.2031
001175.jpg,43.0586
001176.jpg,4.2582
001177.jpg,4.6837
001178.jpg,4.4057
001179.jpg,2.0941
001180.jpg,2.3925
001181.jpg,2.6877
001182.jpg,2.8434
001183.jpg,2.9075
001184.jpg,2.8237
001185.jpg,3.0529
001186.jpg,3.0729
001187.jpg,3.2432
001188.jpg,2.9852
001189.jpg,2.6481
001190.jpg,2.5991
001191.jpg,2.3440
001192.jpg,2.7121
001193.jpg,3.2700
001194.jpg,4.5191
001195.jpg,5.3832
001196.jpg,4.3046
001197.jpg,4.3040
001198.jpg,2.9319
001199.jpg,3.2062
001200.jpg,4.1110
001201.jpg,4.3549
001202.jpg,3.9150
001203.jpg,3.8967
001204.jpg,4.2108
001205.jpg,5.3877
001206.jpg,7.4899
001207.jpg,22.3161
001208.jpg,19.3467
001209.jpg,30.8066
001210.jpg,23.3997
001211.jpg,40.4938
001212.jpg,35.0241
001213.jpg,57.2475
001214.jpg,50.5474
001215.jpg,61.9986
001216.jpg,56.7842
001217.jpg,68.4701
001218.jpg,66.0156
001219.jpg,68.2223
001220.jpg,77.4413
001221.jpg,78.6115
001222.jpg,88.4956
001223.jpg,94.0080
001224.jpg,92.8196
001225.jpg,92.9142
001226.jpg,86.3921
001227.jpg,84.9823
001228.jpg,84.3284
001229.jpg,78.4115
001230.jpg,69.6093
001231.jpg,62.5152
001232.jpg,62.5311
001233.jpg,62.6476
001234.jpg,65.2848
001235.jpg,68.8142
001236.jpg,71.5600
001237.jpg,69.6733
001238.jpg,68.7041
001239.jpg,65.8072
001240.jpg,64.4197
001241.jpg,68.7171
001242.jpg,70.5528
001243.jpg,68.9431
001244.jpg,63.3770
001245.jpg,59.4238
001246.jpg,59.5746
001247.jpg,63.3579
001248.jpg,56.7698
001249.jpg,54.4721
001250.jpg,49.7267
001251.jpg,50.7648
001252.jpg,50.5914
001253.jpg,202.7675
001254.jpg,200.8557
001255.jpg,204.3215
001256.jpg,205.0922
001257.jpg,204.2246
001258.jpg,206.2581
001259.jpg,204.2502
001260.jpg,209.9815
001261.jpg,211.7815
001262.jpg,213.9098
001263.jpg,212.7064
001264.jpg,218.2044
001265.jpg,222.1806
001266.jpg,228.1667
001267.jpg,228.0674
001268.jpg,218.2460
001269.jpg,194.4403
001270.jpg,194.6082
001271.jpg,238.4300
001272.jpg,259.8764
001273.jpg,268.9031
001274.jpg,273.9516
001275.jpg,265.2201
001276.jpg,257.2651
001277.jpg,255.9626
001278.jpg,254.1855
001279.jpg,255.8047
001280.jpg,257.6311
001281.jpg,256.3301
001282.jpg,261.0650
001283.jpg,262.1611
001284.jpg,234.5691
001285.jpg,231.8479
001286.jpg,228.7682
001287.jpg,223.4333
001288.jpg,220.0790
001289.jpg,217.7698
001290.jpg,225.1047
001291.jpg,224.3482
001292.jpg,229.5834
001293.jpg,234.1089
001294.jpg,233.6760
001295.jpg,233.9255
001296.jpg,224.8504
001297.jpg,233.2799
001298.jpg,248.3428
001299.jpg,253.7113
001300.jpg,261.4346
001301.jpg,266.4373
001302.jpg,270.1522
001303.jpg,267.9969
001304.jpg,271.6772
001305.jpg,276.6522
001306.jpg,283.3736
001307.jpg,288.0102
001308.jpg,286.2633
001309.jpg,285.2740
001310.jpg,290.9976
001311.jpg,296.4823
001312.jpg,296.6350
001313.jpg,297.3774
001314.jpg,300.9890
001315.jpg,302.1584
001316.jpg,296.6676
001317.jpg,295.5737
001318.jpg,294.4542
001319.jpg,295.6233
001320.jpg,558.2430
001321.jpg,569.9829
001322.jpg,570.7391
001323.jpg,564.2444
001324.jpg,573.6134
001325.jpg,570.8923
001326.jpg,566.5248
001327.jpg,570.4413
001328.jpg,566.4493
001329.jpg,571.8407
001330.jpg,571.7917
001331.jpg,572.7093
001332.jpg,572.7687
001333.jpg,572.9765
001334.jpg,572.9765
001335.jpg,572.9765
001336.jpg,572.9765
001337.jpg,572.9765
001338.jpg,572.9765
001339.jpg,572.9765
001340.jpg,573.0063
001341.jpg,572.9870
001342.jpg,573.0063
001343.jpg,573.0063
001344.jpg,573.0063
001345.jpg,573.0063
001346.jpg,573.0286
001347.jpg,573.0218
001348.jpg,573.0286
001349.jpg,573.0286
001350.jpg,573.0286
001351.jpg,573.0286
001352.jpg,573.0286
001353.jpg,573.0286
001354.jpg,573.0286
001355.jpg,573.0286
001356.jpg,573.0286
001357.jpg,573.0286
001358.jpg,573.0286
001359.jpg,573.0286
001360.jpg,573.0286
001361.jpg,573.0286
001362.jpg,573.0286
001363.jpg,573.0286
001364.jpg,573.0286
001365.jpg,573.0286
001366.jpg,573.0286
001367.jpg,573.0286
001368.jpg,573.0286
001369.jpg,573.0286
001370.jpg,573.0286
001371.jpg,573.0286
