filename,scene_id
000000.jpg,1
000001.jpg,1
000002.jpg,1
000003.jpg,1
000004.jpg,1
000005.jpg,1
000006.jpg,1
000007.jpg,1
000008.jpg,1
000009.jpg,1
000010.jpg,1
000011.jpg,1
000012.jpg,1
000013.jpg,1
000014.jpg,1
000015.jpg,1
000016.jpg,1
000017.jpg,1
000018.jpg,1
000019.jpg,1
000020.jpg,1
000021.jpg,1
000022.jpg,1
000023.jpg,1
000024.jpg,1
000025.jpg,1
000026.jpg,1
000027.jpg,1
000028.jpg,1
000029.jpg,1
000030.jpg,1
000031.jpg,1
000032.jpg,1
000033.jpg,1
000034.jpg,1
000035.jpg,1
000036.jpg,1
000037.jpg,1
000038.jpg,1
000039.jpg,1
000040.jpg,1
000041.jpg,1
000042.jpg,1
000043.jpg,1
000044.jpg,1
000045.jpg,1
000046.jpg,1
000047.jpg,1
000048.jpg,1
000049.jpg,1
000050.jpg,1
000051.jpg,1
000052.jpg,1
000053.jpg,1
000054.jpg,1
000055.jpg,1
000056.jpg,1
000057.jpg,1
000058.jpg,1
000059.jpg,1
000060.jpg,1
000061.jpg,1
000062.jpg,1
000063.jpg,1
000064.jpg,1
000065.jpg,1
000066.jpg,1
000067.jpg,1
000068.jpg,1
000069.jpg,1
000070.jpg,1
000071.jpg,1
000072.jpg,1
000073.jpg,1
000074.jpg,1
000075.jpg,1
000076.jpg,1
000077.jpg,1
000078.jpg,1
000079.jpg,1
000080.jpg,1
000081.jpg,1
000082.jpg,1
000083.jpg,1
000084.jpg,1
000085.jpg,1
000086.jpg,1
000087.jpg,1
000088.jpg,1
000089.jpg,1
000090.jpg,1
000091.jpg,1
000092.jpg,1
000093.jpg,1
000094.jpg,1
000095.jpg,1
000096.jpg,1
000097.jpg,1
000098.jpg,1
000099.jpg,1
000100.jpg,1
000101.jpg,1
000102.jpg,1
000103.jpg,1
000104.jpg,1
000105.jpg,1
000106.jpg,1
000107.jpg,1
000108.jpg,1
000109.jpg,1
000110.jpg,1
000111.jpg,1
000112.jpg,1
000113.jpg,1
000114.jpg,1
000115.jpg,1
000116.jpg,1
000117.jpg,1
000118.jpg,1
000119.jpg,1
000120.jpg,1
000121.jpg,1
000122.jpg,1
000123.jpg,1
000124.jpg,1
000125.jpg,1
000126.jpg,1
000127.jpg,1
000128.jpg,1
000129.jpg,1
000130.jpg,1
000131.jpg,1
000132.jpg,1
000133.jpg,1
000134.jpg,1
000135.jpg,1
000136.jpg,1
000137.jpg,1
000138.jpg,1
000139.jpg,1
000140.jpg,1
000141.jpg,1
000142.jpg,1
000143.jpg,1
000144.jpg,1
000145.jpg,1
000146.jpg,1
000147.jpg,1
000148.jpg,1
000149.jpg,1
000150.jpg,1
000151.jpg,1
000152.jpg,1
000153.jpg,1
000154.jpg,1
000155.jpg,1
000156.jpg,1
000157.jpg,1
000158.jpg,1
000159.jpg,1
000160.jpg,1
000161.jpg,1
000162.jpg,1
000163.jpg,1
000164.jpg,1
000165.jpg,1
000166.jpg,1
000167.jpg,1
000168.jpg,1
000169.jpg,1
000170.jpg,1
000171.jpg,1
000172.jpg,1
000173.jpg,1
000174.jpg,1
000175.jpg,1
000176.jpg,1
000177.jpg,1
000178.jpg,1
000179.jpg,1
000180.jpg,1
000181.jpg,1
000182.jpg,1
000183.jpg,1
000184.jpg,1
000185.jpg,1
000186.jpg,1
000187.jpg,1
000188.jpg,1
000189.jpg,1
000190.jpg,1
000191.jpg,1
000192.jpg,1
000193.jpg,1
000194.jpg,1
000195.jpg,1
000196.jpg,1
000197.jpg,1
000198.jpg,1
000199.jpg,1
000200.jpg,1
000201.jpg,1
000202.jpg,1
000203.jpg,1
000204.jpg,1
000205.jpg,1
000206.jpg,1
000207.jpg,1
000208.jpg,1
000209.jpg,1
000210.jpg,1
000211.jpg,1
000212.jpg,1
000213.jpg,1
000214.jpg,1
000215.jpg,1
000216.jpg,1
000217.jpg,1
000218.jpg,1
000219.jpg,1
000220.jpg,1
000221.jpg,1
000222.jpg,1
000223.jpg,1
000224.jpg,1
000225.jpg,1
000226.jpg,1
000227.jpg,1
000228.jpg,1
000229.jpg,1
000230.jpg,1
000231.jpg,1
000232.jpg,1
000233.jpg,1
000234.jpg,2
000235.jpg,2
000236.jpg,2
000237.jpg,2
000238.jpg,2
000239.jpg,2
000240.jpg,2
000241.jpg,2
000242.jpg,2
000243.jpg,2
000244.jpg,2
000245.jpg,2
000246.jpg,2
000247.jpg,2
000248.jpg,2
000249.jpg,2
000250.jpg,2
000251.jpg,2
000252.jpg,2
000253.jpg,2
000254.jpg,2
000255.jpg,2
000256.jpg,2
000257.jpg,2
000258.jpg,2
000259.jpg,2
000260.jpg,2
000261.jpg,2
000262.jpg,2
000263.jpg,2
000264.jpg,2
000265.jpg,2
000266.jpg,2
000267.jpg,2
000268.jpg,2
000269.jpg,2
000270.jpg,2
000271.jpg,2
000272.jpg,2
000273.jpg,2
000274.jpg,2
000275.jpg,2
000276.jpg,2
000277.jpg,2
000278.jpg,2
000279.jpg,2
000280.jpg,2
000281.jpg,2
000282.jpg,2
000283.jpg,2
000284.jpg,2
000285.jpg,2
000286.jpg,2
000287.jpg,2
000288.jpg,2
000289.jpg,2
000290.jpg,2
000291.jpg,2
000292.jpg,2
000293.jpg,2
000294.jpg,2
000295.jpg,2
000296.jpg,2
000297.jpg,2
000298.jpg,2
000299.jpg,2
000300.jpg,2
000301.jpg,2
000302.jpg,2
000303.jpg,2
000304.jpg,2
000305.jpg,2
000306.jpg,2
000307.jpg,2
000308.jpg,2
000309.jpg,2
000310.jpg,2
000311.jpg,2
000312.jpg,2
000313.jpg,2
000314.jpg,2
000315.jpg,2
000316.jpg,2
000317.jpg,2
000318.jpg,2
000319.jpg,2
000320.jpg,2
000321.jpg,2
000322.jpg,2
000323.jpg,2
000324.jpg,2
000325.jpg,2
000326.jpg,2
000327.jpg,2
000328.jpg,2
000329.jpg,2
000330.jpg,2
000331.jpg,2
000332.jpg,2
000333.jpg,2
000334.jpg,2
000335.jpg,2
000336.jpg,2
000337.jpg,2
000338.jpg,2
000339.jpg,2
000340.jpg,2
000341.jpg,2
000342.jpg,2
000343.jpg,2
000344.jpg,2
000345.jpg,2
000346.jpg,2
000347.jpg,2
000348.jpg,2
000349.jpg,2
000350.jpg,2
000351.jpg,2
000352.jpg,2
000353.jpg,2
000354.jpg,2
000355.jpg,2
000356.jpg,2
000357.jpg,2
000358.jpg,2
000359.jpg,2
000360.jpg,2
000361.jpg,2
000362.jpg,2
000363.jpg,2
000364.jpg,2
000365.jpg,2
000366.jpg,2
000367.jpg,2
000368.jpg,2
000369.jpg,2
000370.jpg,2
000371.jpg,2
000372.jpg,2
000373.jpg,2
000374.jpg,2
000375.jpg,2
000376.jpg,2
000377.jpg,2
000378.jpg,2
000379.jpg,2
000380.jpg,2
000381.jpg,2
000382.jpg,2
000383.jpg,2
000384.jpg,2
000385.jpg,2
000386.jpg,2
000387.jpg,2
000388.jpg,2
000389.jpg,2
000390.jpg,2
000391.jpg,2
000392.jpg,2
000393.jpg,2
000394.jpg,2
000395.jpg,2
000396.jpg,2
000397.jpg,2
000398.jpg,2
000399.jpg,2
000400.jpg,2
000401.jpg,2
000402.jpg,2
000403.jpg,2
000404.jpg,2
000405.jpg,2
000406.jpg,2
000407.jpg,2
000408.jpg,2
000409.jpg,2
000410.jpg,2
000411.jpg,2
000412.jpg,2
000413.jpg,2
000414.jpg,2
000415.jpg,2
000416.jpg,2
000417.jpg,2
000418.jpg,2
000419.jpg,2
000420.jpg,2
000421.jpg,2
000422.jpg,2
000423.jpg,2
000424.jpg,2
000425.jpg,2
000426.jpg,2
000427.jpg,2
000428.jpg,2
000429.jpg,2
000430.jpg,2
000431.jpg,2
000432.jpg,2
000433.jpg,2
000434.jpg,2
000435.jpg,2
000436.jpg,2
000437.jpg,2
000438.jpg,2
000439.jpg,2
000440.jpg,2
000441.jpg,2
000442.jpg,2
000443.jpg,2
000444.jpg,2
000445.jpg,2
000446.jpg,2
000447.jpg,2
000448.jpg,2
000449.jpg,2
000450.jpg,2
000451.jpg,2
000452.jpg,2
000453.jpg,2
000454.jpg,2
000455.jpg,2
000456.jpg,2
000457.jpg,2
000458.jpg,2
000459.jpg,2
000460.jpg,2
000461.jpg,2
000462.jpg,3
000463.jpg,4
000464.jpg,4
000465.jpg,5
000466.jpg,6
000467.jpg,6
000468.jpg,6
000469.jpg,6
000470.jpg,6
000471.jpg,6
000472.jpg,6
000473.jpg,6
000474.jpg,6
000475.jpg,6
000476.jpg,6
000477.jpg,6
000478.jpg,6
000479.jpg,6
000480.jpg,6
000481.jpg,6
000482.jpg,6
000483.jpg,6
000484.jpg,6
000485.jpg,6
000486.jpg,6
000487.jpg,6
000488.jpg,6
000489.jpg,6
000490.jpg,6
000491.jpg,6
000492.jpg,6
000493.jpg,6
000494.jpg,6
000495.jpg,6
000496.jpg,6
000497.jpg,6
000498.jpg,6
000499.jpg,6
000500.jpg,6
000501.jpg,6
000502.jpg,6
000503.jpg,6
000504.jpg,6
000505.jpg,6
000506.jpg,6
000507.jpg,6
000508.jpg,6
000509.jpg,6
000510.jpg,6
000511.jpg,6
000512.jpg,6
000513.jpg,6
000514.jpg,6
000515.jpg,6
000516.jpg,6
000517.jpg,6
000518.jpg,6
000519.jpg,6
000520.jpg,6
000521.jpg,6
000522.jpg,6
000523.jpg,7
000524.jpg,8
000525.jpg,9
000526.jpg,10
000527.jpg,11
000528.jpg,12
000529.jpg,13
000530.jpg,14
000531.jpg,15
000532.jpg,16
000533.jpg,17
000534.jpg,18
000535.jpg,19
000536.jpg,20
000537.jpg,21
000538.jpg,21
000539.jpg,21
000540.jpg,21
000541.jpg,21
000542.jpg,21
000543.jpg,21
000544.jpg,21
000545.jpg,21
000546.jpg,21
000547.jpg,21
000548.jpg,21
000549.jpg,21
000550.jpg,21
000551.jpg,21
000552.jpg,21
000553.jpg,21
000554.jpg,21
000555.jpg,21
000556.jpg,21
000557.jpg,21
000558.jpg,21
000559.jpg,21
000560.jpg,21
000561.jpg,21
000562.jpg,21
000563.jpg,21
000564.jpg,21
000565.jpg,21
000566.jpg,21
000567.jpg,21
000568.jpg,21
000569.jpg,21
000570.jpg,21
000571.jpg,21
000572.jpg,21
000573.jpg,21
000574.jpg,21
000575.jpg,21
000576.jpg,21
000577.jpg,21
000578.jpg,21
000579.jpg,21
000580.jpg,21
000581.jpg,21
000582.jpg,21
000583.jpg,21
000584.jpg,21
000585.jpg,21
000586.jpg,21
000587.jpg,21
000588.jpg,21
000589.jpg,21
000590.jpg,21
000591.jpg,21
000592.jpg,21
000593.jpg,21
000594.jpg,21
000595.jpg,21
000596.jpg,21
000597.jpg,21
000598.jpg,21
000599.jpg,21
000600.jpg,21
000601.jpg,21
000602.jpg,21
000603.jpg,21
000604.jpg,21
000605.jpg,21
000606.jpg,21
000607.jpg,21
000608.jpg,21
000609.jpg,21
000610.jpg,21
000611.jpg,21
000612.jpg,21
000613.jpg,21
000614.jpg,21
000615.jpg,21
000616.jpg,21
000617.jpg,21
000618.jpg,21
000619.jpg,21
000620.jpg,21
000621.jpg,21
000622.jpg,21
000623.jpg,21
000624.jpg,21
000625.jpg,21
000626.jpg,21
000627.jpg,21
000628.jpg,21
000629.jpg,21
000630.jpg,21
000631.jpg,21
000632.jpg,21
000633.jpg,21
000634.jpg,21
000635.jpg,21
000636.jpg,21
000637.jpg,21
000638.jpg,21
000639.jpg,21
000640.jpg,21
000641.jpg,21
000642.jpg,21
000643.jpg,21
000644.jpg,21
000645.jpg,21
000646.jpg,21
000647.jpg,22
000648.jpg,22
000649.jpg,22
000650.jpg,22
000651.jpg,22
000652.jpg,22
000653.jpg,22
000654.jpg,22
000655.jpg,22
000656.jpg,22
000657.jpg,22
000658.jpg,22
000659.jpg,22
000660.jpg,22
000661.jpg,22
000662.jpg,22
000663.jpg,22
000664.jpg,22
000665.jpg,22
000666.jpg,22
000667.jpg,22
000668.jpg,22
000669.jpg,22
000670.jpg,22
000671.jpg,22
000672.jpg,22
000673.jpg,22
000674.jpg,22
000675.jpg,22
000676.jpg,22
000677.jpg,22
000678.jpg,22
000679.jpg,22
000680.jpg,23
000681.jpg,23
000682.jpg,23
000683.jpg,23
000684.jpg,23
000685.jpg,23
000686.jpg,23
000687.jpg,23
000688.jpg,23
000689.jpg,23
000690.jpg,23
000691.jpg,23
000692.jpg,23
000693.jpg,23
000694.jpg,23
000695.jpg,23
000696.jpg,23
000697.jpg,23
000698.jpg,23
000699.jpg,23
000700.jpg,23
000701.jpg,23
000702.jpg,23
000703.jpg,23
000704.jpg,23
000705.jpg,23
000706.jpg,23
000707.jpg,23
000708.jpg,23
000709.jpg,23
000710.jpg,23
000711.jpg,23
000712.jpg,23
000713.jpg,23
000714.jpg,23
000715.jpg,23
000716.jpg,23
000717.jpg,23
000718.jpg,23
000719.jpg,23
000720.jpg,23
000721.jpg,23
000722.jpg,23
000723.jpg,23
000724.jpg,23
000725.jpg,23
000726.jpg,23
000727.jpg,23
000728.jpg,23
000729.jpg,23
000730.jpg,23
000731.jpg,23
000732.jpg,23
000733.jpg,23
000734.jpg,24
000735.jpg,25
000736.jpg,26
000737.jpg,27
000738.jpg,28
000739.jpg,29
000740.jpg,30
000741.jpg,31
000742.jpg,32
000743.jpg,33
000744.jpg,33
000745.jpg,33
000746.jpg,33
000747.jpg,33
000748.jpg,33
000749.jpg,33
000750.jpg,33
000751.jpg,33
000752.jpg,33
000753.jpg,33
000754.jpg,33
000755.jpg,33
000756.jpg,33
000757.jpg,33
000758.jpg,33
000759.jpg,33
000760.jpg,33
000761.jpg,33
000762.jpg,33
000763.jpg,33
000764.jpg,33
000765.jpg,33
000766.jpg,33
000767.jpg,33
000768.jpg,33
000769.jpg,33
000770.jpg,34
000771.jpg,34
000772.jpg,34
000773.jpg,34
000774.jpg,34
000775.jpg,34
000776.jpg,34
000777.jpg,34
000778.jpg,34
000779.jpg,34
000780.jpg,34
000781.jpg,34
000782.jpg,34
000783.jpg,34
000784.jpg,34
000785.jpg,34
000786.jpg,34
000787.jpg,34
000788.jpg,34
000789.jpg,34
000790.jpg,34
000791.jpg,34
000792.jpg,34
000793.jpg,34
000794.jpg,34
000795.jpg,34
000796.jpg,34
000797.jpg,34
000798.jpg,34
000799.jpg,34
000800.jpg,35
000801.jpg,35
000802.jpg,35
000803.jpg,35
000804.jpg,35
000805.jpg,35
000806.jpg,35
000807.jpg,35
000808.jpg,35
000809.jpg,35
000810.jpg,35
000811.jpg,35
000812.jpg,35
000813.jpg,35
000814.jpg,35
000815.jpg,35
000816.jpg,35
000817.jpg,35
000818.jpg,35
000819.jpg,35
000820.jpg,35
000821.jpg,35
000822.jpg,35
000823.jpg,35
000824.jpg,35
000825.jpg,35
000826.jpg,35
000827.jpg,35
000828.jpg,35
000829.jpg,35
000830.jpg,35
000831.jpg,35
000832.jpg,35
000833.jpg,35
000834.jpg,35
000835.jpg,35
000836.jpg,35
000837.jpg,35
000838.jpg,35
000839.jpg,35
000840.jpg,35
000841.jpg,35
000842.jpg,35
000843.jpg,35
000844.jpg,35
000845.jpg,35
000846.jpg,35
000847.jpg,35
000848.jpg,35
000849.jpg,35
000850.jpg,35
000851.jpg,35
000852.jpg,35
000853.jpg,35
000854.jpg,35
000855.jpg,35
000856.jpg,35
000857.jpg,35
000858.jpg,35
000859.jpg,36
000860.jpg,36
000861.jpg,36
000862.jpg,36
000863.jpg,36
000864.jpg,36
000865.jpg,36
000866.jpg,36
000867.jpg,36
000868.jpg,36
000869.jpg,36
000870.jpg,36
000871.jpg,36
000872.jpg,36
000873.jpg,36
000874.jpg,36
000875.jpg,36
000876.jpg,36
000877.jpg,36
000878.jpg,36
000879.jpg,36
000880.jpg,37
000881.jpg,37
000882.jpg,37
000883.jpg,37
000884.jpg,37
000885.jpg,37
000886.jpg,37
000887.jpg,38
000888.jpg,38
000889.jpg,38
000890.jpg,38
000891.jpg,38
000892.jpg,38
000893.jpg,39
000894.jpg,39
000895.jpg,39
000896.jpg,39
000897.jpg,39
000898.jpg,39
000899.jpg,40
000900.jpg,40
000901.jpg,40
000902.jpg,40
000903.jpg,40
000904.jpg,40
000905.jpg,40
000906.jpg,41
000907.jpg,41
000908.jpg,41
000909.jpg,41
000910.jpg,41
000911.jpg,41
000912.jpg,41
000913.jpg,41
000914.jpg,42
000915.jpg,42
000916.jpg,42
000917.jpg,42
000918.jpg,42
000919.jpg,42
000920.jpg,42
000921.jpg,42
000922.jpg,42
000923.jpg,42
000924.jpg,42
000925.jpg,42
000926.jpg,42
000927.jpg,42
000928.jpg,42
000929.jpg,42
000930.jpg,42
000931.jpg,42
000932.jpg,42
000933.jpg,42
000934.jpg,42
000935.jpg,42
000936.jpg,42
000937.jpg,42
000938.jpg,42
000939.jpg,42
000940.jpg,42
000941.jpg,42
000942.jpg,42
000943.jpg,43
000944.jpg,43
000945.jpg,43
000946.jpg,43
000947.jpg,43
000948.jpg,43
000949.jpg,43
000950.jpg,43
000951.jpg,43
000952.jpg,43
000953.jpg,43
000954.jpg,43
000955.jpg,43
000956.jpg,43
000957.jpg,43
000958.jpg,43
000959.jpg,43
000960.jpg,43
000961.jpg,43
000962.jpg,43
000963.jpg,43
000964.jpg,43
000965.jpg,43
000966.jpg,43
000967.jpg,43
000968.jpg,43
000969.jpg,43
000970.jpg,43
000971.jpg,43
000972.jpg,43
000973.jpg,43
000974.jpg,43
000975.jpg,43
000976.jpg,43
000977.jpg,43
000978.jpg,43
000979.jpg,43
000980.jpg,43
000981.jpg,43
000982.jpg,43
000983.jpg,43
000984.jpg,43
000985.jpg,43
000986.jpg,43
000987.jpg,43
000988.jpg,43
000989.jpg,43
000990.jpg,43
000991.jpg,43
000992.jpg,43
000993.jpg,43
000994.jpg,43
000995.jpg,43
000996.jpg,43
000997.jpg,43
000998.jpg,43
000999.jpg,44
001000.jpg,44
001001.jpg,44
001002.jpg,44
001003.jpg,44
001004.jpg,44
001005.jpg,44
001006.jpg,44
001007.jpg,44
001008.jpg,44
001009.jpg,44
001010.jpg,44
001011.jpg,44
001012.jpg,44
001013.jpg,44
001014.jpg,44
001015.jpg,44
001016.jpg,44
001017.jpg,44
001018.jpg,44
001019.jpg,44
001020.jpg,44
001021.jpg,44
001022.jpg,44
001023.jpg,44
001024.jpg,44
001025.jpg,44
001026.jpg,44
001027.jpg,44
001028.jpg,44
001029.jpg,44
001030.jpg,44
001031.jpg,44
001032.jpg,44
001033.jpg,44
001034.jpg,44
001035.jpg,44
001036.jpg,44
001037.jpg,44
001038.jpg,44
001039.jpg,44
001040.jpg,44
001041.jpg,44
001042.jpg,44
001043.jpg,44
001044.jpg,44
001045.jpg,44
001046.jpg,44
001047.jpg,44
001048.jpg,44
001049.jpg,44
001050.jpg,44
001051.jpg,44
001052.jpg,44
001053.jpg,44
001054.jpg,44
001055.jpg,44
001056.jpg,44
001057.jpg,44
001058.jpg,44
001059.jpg,44
001060.jpg,44
001061.jpg,44
001062.jpg,44
001063.jpg,44
001064.jpg,44
001065.jpg,44
001066.jpg,44
001067.jpg,44
001068.jpg,44
001069.jpg,44
001070.jpg,44
001071.jpg,44
001072.jpg,44
001073.jpg,44
001074.jpg,44
001075.jpg,44
001076.jpg,44
001077.jpg,45
001078.jpg,45
001079.jpg,45
001080.jpg,45
001081.jpg,45
001082.jpg,45
001083.jpg,45
001084.jpg,45
001085.jpg,45
001086.jpg,45
001087.jpg,45
001088.jpg,45
001089.jpg,45
001090.jpg,45
001091.jpg,45
001092.jpg,45
001093.jpg,45
001094.jpg,45
001095.jpg,45
001096.jpg,45
001097.jpg,45
001098.jpg,45
001099.jpg,45
001100.jpg,45
001101.jpg,45
001102.jpg,45
001103.jpg,45
001104.jpg,45
001105.jpg,45
001106.jpg,45
001107.jpg,45
001108.jpg,45
001109.jpg,45
001110.jpg,45
001111.jpg,45
001112.jpg,45
001113.jpg,45
001114.jpg,45
001115.jpg,45
001116.jpg,45
001117.jpg,45
001118.jpg,45
001119.jpg,45
001120.jpg,45
001121.jpg,45
001122.jpg,45
001123.jpg,45
001124.jpg,45
001125.jpg,45
001126.jpg,45
001127.jpg,46
001128.jpg,46
001129.jpg,46
001130.jpg,46
001131.jpg,46
001132.jpg,46
001133.jpg,46
001134.jpg,46
001135.jpg,46
001136.jpg,46
001137.jpg,46
001138.jpg,46
001139.jpg,46
001140.jpg,46
001141.jpg,46
001142.jpg,46
001143.jpg,46
001144.jpg,46
001145.jpg,46
001146.jpg,46
001147.jpg,46
001148.jpg,46
001149.jpg,46
001150.jpg,46
001151.jpg,46
001152.jpg,46
001153.jpg,46
001154.jpg,46
001155.jpg,46
001156.jpg,46
001157.jpg,46
001158.jpg,46
001159.jpg,46
001160.jpg,46
001161.jpg,46
001162.jpg,46
001163.jpg,46
001164.jpg,46
001165.jpg,46
001166.jpg,46
001167.jpg,46
001168.jpg,46
001169.jpg,46
001170.jpg,46
001171.jpg,46
001172.jpg,46
001173.jpg,46
001174.jpg,46
001175.jpg,46
001176.jpg,46
001177.jpg,46
001178.jpg,46
001179.jpg,47
001180.jpg,47
001181.jpg,47
001182.jpg,47
001183.jpg,47
001184.jpg,47
001185.jpg,47
001186.jpg,47
001187.jpg,47
001188.jpg,47
001189.jpg,47
001190.jpg,47
001191.jpg,47
001192.jpg,47
001193.jpg,47
001194.jpg,47
001195.jpg,47
001196.jpg,47
001197.jpg,47
001198.jpg,47
001199.jpg,47
001200.jpg,47
001201.jpg,47
001202.jpg,47
001203.jpg,47
001204.jpg,47
001205.jpg,47
001206.jpg,47
001207.jpg,47
001208.jpg,47
001209.jpg,47
001210.jpg,47
001211.jpg,47
001212.jpg,47
001213.jpg,47
001214.jpg,47
001215.jpg,47
001216.jpg,47
001217.jpg,47
001218.jpg,47
001219.jpg,47
001220.jpg,47
001221.jpg,47
001222.jpg,47
001223.jpg,47
001224.jpg,47
001225.jpg,47
001226.jpg,48
001227.jpg,48
001228.jpg,48
001229.jpg,48
001230.jpg,48
001231.jpg,48
001232.jpg,48
001233.jpg,48
001234.jpg,48
001235.jpg,48
001236.jpg,48
001237.jpg,48
001238.jpg,48
001239.jpg,48
001240.jpg,48
001241.jpg,48
001242.jpg,48
001243.jpg,48
001244.jpg,48
001245.jpg,48
001246.jpg,48
001247.jpg,48
001248.jpg,48
001249.jpg,48
001250.jpg,48
001251.jpg,48
001252.jpg,48
001253.jpg,49
001254.jpg,49
001255.jpg,49
001256.jpg,49
001257.jpg,49
001258.jpg,49
001259.jpg,49
001260.jpg,49
001261.jpg,49
001262.jpg,49
001263.jpg,49
001264.jpg,49
001265.jpg,49
001266.jpg,49
001267.jpg,49
001268.jpg,49
001269.jpg,49
001270.jpg,49
001271.jpg,49
001272.jpg,49
001273.jpg,49
001274.jpg,49
001275.jpg,49
001276.jpg,49
001277.jpg,49
001278.jpg,49
001279.jpg,49
001280.jpg,49
001281.jpg,49
001282.jpg,49
001283.jpg,49
001284.jpg,50
001285.jpg,51
001286.jpg,51
001287.jpg,51
001288.jpg,51
001289.jpg,51
001290.jpg,51
001291.jpg,51
001292.jpg,51
001293.jpg,51
001294.jpg,51
001295.jpg,51
001296.jpg,51
001297.jpg,51
001298.jpg,51
001299.jpg,51
001300.jpg,51
001301.jpg,51
001302.jpg,51
001303.jpg,51
001304.jpg,51
001305.jpg,51
001306.jpg,51
001307.jpg,51
001308.jpg,51
001309.jpg,51
001310.jpg,51
001311.jpg,51
001312.jpg,51
001313.jpg,51
001314.jpg,51
001315.jpg,51
001316.jpg,51
001317.jpg,51
001318.jpg,51
001319.jpg,51
001320.jpg,52
001321.jpg,52
001322.jpg,52
001323.jpg,52
001324.jpg,52
001325.jpg,52
001326.jpg,52
001327.jpg,52
001328.jpg,52
001329.jpg,52
001330.jpg,52
001331.jpg,52
001332.jpg,52
001333.jpg,52
001334.jpg,52
001335.jpg,52
001336.jpg,52
001337.jpg,52
001338.jpg,52
001339.jpg,52
001340.jpg,52
001341.jpg,52
001342.jpg,52
001343.jpg,52
001344.jpg,52
001345.jpg,52
001346.jpg,52
001347.jpg,52
001348.jpg,52
001349.jpg,52
001350.jpg,52
001351.jpg,52
001352.jpg,52
001353.jpg,52
001354.jpg,52
001355.jpg,52
001356.jpg,52
001357.jpg,52
001358.jpg,52
001359.jpg,52
001360.jpg,52
001361.jpg,52
001362.jpg,52
001363.jpg,52
001364.jpg,52
001365.jpg,52
001366.jpg,52
001367.jpg,52
001368.jpg,52
001369.jpg,52
001370.jpg,52
001371.jpg,52
